{"stats":{"minecraft:picked_up":{"create:metal_bracket":10,"minecraft:lead":2,"create:wrench":1,"minecraft:enchanted_book":1,"securitycraft:reinforced_oak_planks":1,"minecraft:string":3,"railways:handcar":12,"railways:track_switch_andesite":3,"farmersdelight:cabbage":4,"minecraft:bucket":2,"minecraft:spruce_planks":3,"securitycraft:reinforced_oak_stairs":1,"securitycraft:reinforced_oak_log":1,"cgm:advanced_bullet":131,"farmersdelight:cabbage_seeds":12,"bellsandwhistles:headlight":2,"minecraft:stick":13,"minecraft:torch":1,"securitycraft:camera_monitor":3,"minecraft:porkchop":8,"createdeco:yellow_netherite_lamp":1,"minecraft:rotten_flesh":12,"minecraft:honey_bottle":1,"horror_element_mod:blood_4":1,"securitycraft:harming_module":2,"create:track":30,"minecraft:glowstone":1,"minecraft:netherite_chestplate":1,"minecraft:cobblestone":1,"minecraft:barrier":2,"minecraft:feather":2,"chipped:pegged_white_concrete":1,"minecraft:water_bucket":1,"railways:flat_slashed_locometal":1,"farmersdelight:roast_chicken_block":1,"cgm:heavy_rifle":3,"minecraft:netherite_leggings":1,"minecraft:dirt":552,"securitycraft:sentry":39,"minecraft:bone":6,"minecraft:wheat_seeds":78,"minecraft:dark_oak_sign":6,"create:goggles":2,"create:netherite_diving_boots":2,"simplehats:spyzombie":1,"minecraft:oak_planks":1,"create:super_glue":1,"create:copycat_panel":1,"minecraft:grass_block":2,"createdeco:pink_placard":1,"railways:light_blue_conductor_cap":1,"chipped:pegged_red_concrete":2,"minecraft:dark_oak_log":84,"cgm:silencer":6,"cgm:shell":195,"cgm:pistol":9,"cgm:stun_grenade":1,"simplehats:the_noisier":1,"minecraft:black_concrete":1,"minecraft:netherite_helmet":1,"minecraft:bread":62,"minecraft:oak_sapling":9,"minecraft:mud_brick_slab":1,"railways:flat_riveted_locometal":1,"minecraft:azure_bluet":16,"minecraft:clay_ball":28,"minecraft:chicken":2,"minecraft:ladder":3,"createdeco:red_andesite_lamp":1,"minecraft:shield":1,"minecraft:cornflower":20,"minecraft:oak_trapdoor":1,"minecraft:elytra":2,"cgm:weighted_stock":1,"securitycraft:smart_module":4,"minecraft:jungle_sapling":3,"minecraft:poppy":1,"minecraft:birch_sapling":1,"minecraft:egg":4,"farmersdelight:black_canvas_sign":2,"minecraft:polished_deepslate_slab":1,"create:railway_casing":2,"create:brass_casing":1,"minecraft:dark_oak_planks":4,"minecraft:arrow":4,"securitycraft:bouncing_betty":3,"cgm:assault_rifle":1,"minecraft:deepslate_bricks":2,"minecraft:mutton":4,"minecraft:white_wool":3,"minecraft:oxeye_daisy":1,"minecraft:netherite_boots":2,"minecraft:mud_bricks":2,"securitycraft:disguise_module":1,"minecraft:ochre_froglight":1,"minecraft:gunpowder":1,"minecraft:red_carpet":1,"minecraft:apple":4,"minecraft:stone_bricks":1,"minecraft:kelp":11,"securitycraft:security_camera":2,"minecraft:iron_sword":3,"bellsandwhistles:copper_bogie_steps":1,"minecraft:dandelion":5,"chipped:red_concrete_panel":1,"minecraft:spruce_sapling":11,"minecraft:white_bed":1,"minecraft:spider_eye":1,"minecraft:firework_rocket":2,"minecraft:stone_axe":1,"cfm:stripped_spruce_upgraded_fence":1,"minecraft:dark_oak_wood":1,"minecraft:coal":9},"minecraft:dropped":{"minecraft:iron_sword":1,"create:metal_girder":1,"create:super_glue":1,"minecraft:porkchop":2,"create:track":2,"minecraft:elytra":1,"minecraft:red_carpet":1,"minecraft:dirt":96,"chipped:smooth_white_concrete":1,"minecraft:dark_oak_log":1,"minecraft:cornflower":19,"minecraft:dark_oak_wood":1,"minecraft:jungle_sapling":1,"createdeco:yellow_netherite_lamp":1,"minecraft:sand":1,"create:goggles":1,"cfm:stripped_spruce_upgraded_fence":1,"minecraft:black_concrete":1,"minecraft:stone_axe":1,"cgm:pistol":4,"simplehats:the_noisier":1,"minecraft:rotten_flesh":2,"minecraft:netherite_shovel":1,"chipped:white_concrete_panel":1,"minecraft:golden_shovel":14,"minecraft:azure_bluet":10,"minecraft:honey_bottle":1,"cgm:assault_rifle":1,"minecraft:poppy":2,"horror_element_mod:blood_4":1,"create:wrench":1,"create:copycat_panel":65,"securitycraft:camera_monitor":3,"minecraft:firework_rocket":1,"minecraft:egg":2,"minecraft:water_bucket":1,"minecraft:bread":64,"minecraft:wheat_seeds":16,"minecraft:deepslate_diamond_ore":1,"bellsandwhistles:headlight":2,"minecraft:barrier":1,"minecraft:apple":2,"railways:track_switch_andesite":1,"minecraft:grass_block":258,"railways:flat_riveted_locometal":1,"minecraft:stick":2,"create:handheld_worldshaper":1,"minecraft:potion":1,"create:railway_casing":3,"create:metal_bracket":1,"farmersdelight:roast_chicken_block":1,"minecraft:bucket":2,"minecraft:spruce_sapling":10,"create:shaft":2,"minecraft:chicken":1,"minecraft:polished_deepslate_slab":1,"create:netherite_diving_boots":1,"minecraft:shield":1,"minecraft:mud_bricks":2,"minecraft:spruce_planks":1,"minecraft:oak_sapling":6,"create:brass_casing":2},"minecraft:crafted":{"simplehats:tophat":2,"minecraft:deepslate_brick_slab":6,"simplehats:plaguedoctor":3},"minecraft:custom":{"minecraft:animals_bred":1,"minecraft:interact_with_crafting_table":3,"minecraft:open_barrel":2,"minecraft:open_shulker_box":5,"minecraft:bell_ring":30,"minecraft:leave_game":111,"minecraft:time_since_death":7893,"minecraft:damage_resisted":460,"minecraft:sprint_one_cm":1474588,"minecraft:damage_blocked_by_shield":6095,"minecraft:drop":101,"minecraft:talked_to_villager":19,"minecraft:play_time":3154834,"minecraft:deaths":46,"minecraft:jump":10431,"minecraft:walk_on_water_one_cm":335139,"minecraft:sleep_in_bed":2,"minecraft:open_enderchest":20,"minecraft:damage_dealt":2200,"minecraft:player_kills":9,"minecraft:crouch_one_cm":226598,"minecraft:horse_one_cm":556,"minecraft:mob_kills":72,"minecraft:interact_with_anvil":23,"minecraft:climb_one_cm":18630,"minecraft:walk_one_cm":2754038,"minecraft:sneak_time":180691,"minecraft:walk_under_water_one_cm":1034725,"minecraft:boat_one_cm":133727,"minecraft:total_world_time":3154834,"minecraft:pot_flower":2,"minecraft:time_since_rest":7922,"minecraft:damage_taken":3435,"minecraft:damage_absorbed":654,"minecraft:swim_one_cm":8662,"minecraft:fly_one_cm":39789654,"minecraft:open_chest":2,"minecraft:aviate_one_cm":19460995,"minecraft:fall_one_cm":29959},"minecraft:broken":{"minecraft:shield":1},"minecraft:killed":{"minecraft:spider":5,"minecraft:cod":2,"minecraft:pufferfish":1,"minecraft:skeleton":10,"minecraft:chicken":1,"minecraft:tropical_fish":4,"minecraft:wolf":6,"minecraft:pig":7,"minecraft:creeper":7,"minecraft:sheep":3,"minecraft:zombie":15,"minecraft:cow":2,"minecraft:drowned":1,"minecraft:squid":1,"minecraft:polar_bear":2,"minecraft:enderman":1},"minecraft:used":{"framedblocks:framed_half_pillar":9,"securitycraft:trophy_system":2,"create:brass_casing":7,"cgm:machine_pistol":70,"minecraft:chiseled_deepslate":88,"minecraft:polished_deepslate":21,"createdeco:green_cast_iron_lamp":3,"minecraft:smooth_quartz_slab":172,"minecraft:ladder":3,"minecraft:elytra":1,"minecraft:black_carpet":1,"createdeco:cast_iron_catwalk":26,"minecraft:shield":82,"farmersdelight:cabbage":1,"minecraft:stone":6,"minecraft:iron_sword":4,"minecraft:zombie_spawn_egg":8,"create:haunted_bell":2,"securitycraft:security_camera":8,"bellsandwhistles:polished_tuff_pilot":1,"securitycraft:username_logger":1,"create:railway_casing":44,"create:analog_lever":1,"minecraft:spruce_leaves":14,"create:fluid_tank":1,"chipped:pegged_white_concrete":2,"minecraft:skeleton_spawn_egg":2,"chipped:alchemy_bench":1,"createdeco:netherite_support":2,"railways:flat_riveted_locometal":90,"createdeco:cast_iron_mesh_fence":17,"minecraft:cracked_deepslate_tiles":7,"minecraft:deepslate_tile_slab":207,"minecraft:deepslate_brick_slab":37,"create:brown_seat":2,"railways:locometal_pillar":1,"create:polished_cut_deepslate_slab":13,"create:metal_girder":54,"minecraft:snowball":142,"create:controller_rail":1,"minecraft:milk_bucket":2,"minecraft:polished_deepslate_stairs":8,"minecraft:honey_bottle":12,"securitycraft:chiseled_crystal_quartz":1,"createdeco:red_cast_iron_lamp":12,"horror_element_mod:blood_6":3,"chipped:smooth_red_concrete":2,"railways:smokestack_streamlined":8,"securitycraft:camera_monitor":14,"create:controls":3,"minecraft:netherite_shovel":327,"bellsandwhistles:polished_scoria_pilot":1,"minecraft:stripped_dark_oak_wood":64,"chipped:scattered_cobweb":1,"minecraft:villager_spawn_egg":197,"cgm:shotgun":12,"createdeco:orange_decal":1,"minecraft:grass_block":2890,"chipped:railed_dark_oak_planks":8,"cfm:stripped_dark_oak_table":19,"chipped:solid_dark_oak_trapdoor":13,"minecraft:dark_oak_wood":1065,"framedblocks:framed_panel":92,"minecraft:dark_oak_slab":21,"bellsandwhistles:polished_scorchia_pilot":1,"chipped:railed_black_concrete":4,"chipped:piked_iron_bars":4,"create:track_observer":9,"minecraft:stone_bricks":12,"framedblocks:framed_sign":6,"minecraft:repeater":144,"cfm:black_picket_fence":21,"horror_element_mod:impaled_skeleton":1,"minecraft:snow":1,"minecraft:deepslate_diamond_ore":2,"railways:flat_slashed_locometal":47,"minecraft:red_carpet":64,"create:rotation_speed_controller":1,"create:shaft":69,"create:industrial_iron_block":177,"securitycraft:laser_block":12,"farmersdelight:safety_net":8,"createdeco:blue_zinc_lamp":1,"bellsandwhistles:polished_crimsite_pilot":1,"horror_element_mod:blood_9":2,"cgm:heavy_rifle":72,"horror_element_mod:blood_1":13,"securitycraft:harming_module":2,"securitycraft:electrified_iron_fence":20,"createdeco:zinc_bars":1,"railways:black_slashed_locometal":1,"horror_element_mod:primitive_head":1,"minecraft:dark_oak_stairs":21,"createdeco:netherite_bars":1,"horror_element_mod:scientist_body":1,"create:cut_deepslate_brick_slab":3,"createdeco:netherite_catwalk_stairs":2,"minecraft:dark_oak_sign":11,"framedblocks:framed_door":15,"horror_element_mod:phished_head":1,"minecraft:oak_planks":30,"createdeco:netherite_bars_overlay":1,"mcwwindows:golden_curtain_rod":4,"securitycraft:keypad_frame":1,"minecraft:redstone_block":19,"chipped:white_concrete_tiles":1,"horror_element_mod:beheaded_body":1,"securitycraft:claymore":3,"create:copper_valve_handle":2,"createdeco:netherite_catwalk":2,"minecraft:sand":29,"create:track_station":8,"create:flywheel":12,"minecraft:loom":1,"cfm:stripped_spruce_desk_cabinet":7,"createdeco:cast_iron_sheet_slab_vert":4,"cgm:bazooka":16,"railways:riveted_locometal":2,"minecraft:ochre_froglight":24,"securitycraft:reinforced_hopper":1,"minecraft:deepslate_brick_stairs":29,"horror_element_mod:blood_2":4,"horror_element_mod:blood_4":5,"farmersdelight:black_canvas_sign":27,"minecraft:deepslate_tiles":5,"securitycraft:blast_furnace_mine":2,"minecraft:enderman_spawn_egg":3,"railways:slashed_locometal":1,"minecraft:lever":4,"minecraft:firework_rocket":6180,"minecraft:gray_shulker_box":1,"minecraft:dark_oak_log":1165,"minecraft:bread":13,"minecraft:barrier":2371,"minecraft:stone_button":18,"bellsandwhistles:copper_bogie_steps":1,"cfm:oak_upgraded_fence":8,"createdeco:gold_support":1,"securitycraft:smart_module":4,"create:peculiar_bell":2,"mcwwindows:oak_plank_parapet":2,"mcwwindows:blackstone_parapet":4,"cgm:assault_rifle":70,"createdeco:red_netherite_lamp":5,"horror_element_mod:dead_pig":1,"minecraft:coal_block":9,"create:track_signal":11,"create:basin":25,"railways:locometal_smokebox":4,"minecraft:ice":12,"minecraft:oak_boat":14,"sereneseasons:season_sensor":1,"create:steam_whistle":1,"minecraft:coarse_dirt":756,"cgm:mini_gun":68,"create:andesite_bars":3,"minecraft:bone_meal":40,"securitycraft:reinforced_oak_log":2828,"minecraft:cobweb":23,"minecraft:oak_fence":4,"create:clipboard":4,"chipped:railed_iron_bars":1,"minecraft:oak_trapdoor":71,"createdeco:red_andesite_lamp":2,"minecraft:netherite_sword":6,"create:brass_door":1,"minecraft:jungle_leaves":7,"framedblocks:framed_rail_slope":7,"railways:handcar":13,"framedblocks:framed_button":4,"minecraft:red_concrete":33,"framedblocks:framed_slab":88,"horror_element_mod:desert_marine_head":1,"minecraft:redstone":102,"minecraft:zombie_villager_spawn_egg":8,"minecraft:light_gray_carpet":17,"minecraft:spruce_planks":1350,"createdeco:cast_iron_hull":1,"create:cuckoo_clock":1,"minecraft:ender_chest":4,"securitycraft:bucket_f_lava":1,"securitycraft:keypad_door_item":5,"chipped:hazard_black_concrete":91,"chipped:shifted_dark_oak_planks":3,"securitycraft:disguise_module":1,"securitycraft:ims":2,"securitycraft:track_mine":2,"securitycraft:reinforced_iron_bars":2,"minecraft:cut_copper_stairs":12,"minecraft:torch":41,"minecraft:light_gray_shulker_box":1,"minecraft:anvil":6,"minecraft:dirt":645,"railways:plated_locometal":1,"minecraft:white_carpet":18,"minecraft:spruce_stairs":36,"create:copycat_panel":2079,"createdeco:white_decal":2,"create:netherite_backtank":1,"create:mechanical_plough":1,"cgm:rifle":88,"createdeco:netherite_sheet_metal":2,"railways:smokestack_long":1,"framedblocks:framed_fancy_rail":13,"create:spruce_window":7,"createdeco:brass_bars":13,"create:red_valve_handle":2,"railways:gray_riveted_locometal":2,"create:chute":1,"createdeco:yellow_netherite_lamp":49,"railways:black_locometal_smokebox":1,"minecraft:dark_oak_planks":193,"railways:black_flat_riveted_locometal":1,"createdeco:purple_placard":1,"bellsandwhistles:headlight":67,"chipped:white_concrete_pillar":1,"minecraft:bookshelf":10,"create:wrench":30,"create:metal_bracket":33,"create:copycat_step":35,"createdeco:cast_iron_sheet_metal":9,"minecraft:smooth_quartz":165,"minecraft:totem_of_undying":1,"horror_element_mod:bloody_tombstone":7,"minecraft:barrel":8,"chipped:smooth_white_concrete":24,"horror_element_mod:blood_10":2,"securitycraft:sentry":39,"chipped:crying_basalt":1,"createdeco:cast_iron_sheet_slab":5,"minecraft:glowstone":2,"cfm:stripped_spruce_upgraded_fence":2256,"create:gray_seat":47,"framedblocks:framed_divided_panel_vertical":1,"minecraft:iron_trapdoor":35,"minecraft:wolf_spawn_egg":10,"minecraft:podzol":10,"minecraft:minecart":1,"railways:black_flat_slashed_locometal":1,"ags_day_counter:calendar":3,"securitycraft:bouncing_betty":4,"minecraft:cobbled_deepslate":1,"minecraft:enchanted_golden_apple":15,"chipped:vertically_railed_dark_oak_planks":10,"securitycraft:stone_mine":1,"securitycraft:reinforced_ochre_froglight":3,"create:handheld_worldshaper":84,"railways:black_locometal_pillar":1,"create:brass_block":4,"railways:semaphore":27,"securitycraft:reinforced_oak_planks":711,"framedblocks:framed_inner_corner_slope":4,"cgm:pistol":1340,"chipped:black_concrete_panel":17,"railways:track_blackstone":3,"horror_element_mod:slashed_skull":6,"minecraft:mud_brick_slab":1,"create:train_door":59,"cgm:stun_grenade":6,"securitycraft:panic_button":1,"createdeco:cast_iron_catwalk_stairs":32,"create:red_seat":15,"minecraft:black_shulker_box":1,"createdeco:yellow_brass_lamp":9,"framedblocks:framed_fancy_powered_rail":5,"minecraft:deepslate_bricks":4596,"railways:track_switch_andesite":23,"minecraft:polished_deepslate_slab":29,"minecraft:rail":2,"createdeco:pink_placard":3,"create:brass_funnel":54,"minecraft:crafting_table":3,"chipped:white_concrete_panel":11,"createdeco:cast_iron_bars_overlay":9,"minecraft:white_bed":2,"bellsandwhistles:andesite_door_step":9,"minecraft:oak_log":7,"create:track":1135,"framedblocks:framed_divided_panel_horizontal":332,"minecraft:flower_pot":2,"minecraft:light":299,"create:andesite_ladder":2,"minecraft:command_block":22,"chipped:warning_black_concrete":12,"railways:track_monorail":10,"railways:iron_wrapped_locometal":5,"railways:smokestack_oilburner":2,"minecraft:pig_spawn_egg":1,"minecraft:spruce_trapdoor":88,"securitycraft:bucket_f_water":11,"minecraft:spruce_sapling":2754,"createdeco:copper_hull":12,"minecraft:potion":2,"bellsandwhistles:andesite_grab_rails":10,"securitycraft:admin_tool":2,"createdeco:cast_iron_support":16,"bellsandwhistles:andesite_bogie_steps":7,"create:hand_crank":5,"securitycraft:reinforced_oak_stairs":17,"minecraft:husk_spawn_egg":2,"create:redstone_link":1,"create:dark_oak_window":2,"createdeco:cast_iron_bars":32,"railways:black_plated_locometal":1,"createdeco:netherite_mesh_fence":1,"chipped:red_concrete_panel":1},"minecraft:killed_by":{"minecraft:player":2,"minecraft:enderman":2}},"DataVersion":3120}